MatrixName,Size,MemoryDiff,Time,Error
ex15.mat,14503159,0,1.7991089820861816,3.6213639157707203e-14
shallow_water1.mat,8501019,0,1.2151143550872803,3.57981554647645e-11
apache2.mat,13430627,1266499584,80.28450226783752,6.472721719523311e-13
parabolic_fem.mat,2316415,0,10.27717137336731,1.929368153213884e-16
G3_circuit.mat,23748539,0,50.64323091506958,1.9047483359158252e-13
cfd1.mat,568315,243916800,11.303763628005981,5.907681163055393e-07
cfd2.mat,14164910,0,14.32444977760315,3.787414790776039e-12
